-- 插入user表数据
INSERT INTO `user` (`user_id`, `username`, `password`, `is_admin`, `description`)
VALUES (1, 'creamaker', '$2a$10$bj5EwABmL6YdCzW0Alnfyu7bds1/CHRxmWQxXIIvlmROj970gbHY.', 2, '开发者账号'),
       (2, 'user_test2', '$2a$10$bj5EwABmL6YdCzW0Alnfyu7bds1/CHRxmWQxXIIvlmROj970gbHY.', 1, '运营账号'),
       (3, 'user_test3', '$2a$10$bj5EwABmL6YdCzW0Alnfyu7bds1/CHRxmWQxXIIvlmROj970gbHY.', 0, '普通用户'),
       (4, 'user_test4', '$2a$10$bj5EwABmL6YdCzW0Alnfyu7bds1/CHRxmWQxXIIvlmROj970gbHY.', 0, '普通用户'),
       (5, 'user_test5', '$2a$10$bj5EwABmL6YdCzW0Alnfyu7bds1/CHRxmWQxXIIvlmROj970gbHY.', 0, '普通用户');

-- 插入user_profile表数据
INSERT INTO `user_profile` (`user_id`, `avatar_url`, `bio`, `user_level`, `gender`, `grade`, `birth_date`, `location`,
                            `description`)
VALUES (1, 'https://example.com/avatar1.jpg', '热爱编程的开发者', 10, 0, '研究生', '1995-01-01', '北京',
        '系统开发者，负责平台核心功能开发'),
       (2, 'https://example.com/avatar2.jpg', '运营小能手', 8, 1, '研究生', '1996-05-15', '上海',
        '平台运营专员，负责日常运营管理'),
       (3, 'https://example.com/avatar3.jpg', '编程爱好者', 2, 0, '大二', '2002-08-22', '广州',
        '计算机专业学生，对编程充满热情'),
       (4, 'https://example.com/avatar4.jpg', '学习使我快乐', 1, 1, '大一', '2003-03-12', '深圳',
        '新入学的大一学生，正在努力学习中'),
       (5, 'https://example.com/avatar5.jpg', '热爱生活', 3, 2, '大三', '2001-07-19', '杭州',
        '即将毕业的学生，对未来充满期待');

-- 插入user_stats表数据
INSERT INTO `user_stats` (`user_id`, `student_number`, `article_count`, `comment_count`, `statement_count`,
                          `liked_count`, `coin_count`, `xp`, `quiz_type`, `description`)
VALUES (1, '20240001', 50, 120, 200, 500, 1000, 5000, 2, '系统开发者数据统计'),
       (2, '20240002', 35, 90, 150, 300, 800, 3500, 2, '运营人员数据统计'),
       (3, '20240003', 8, 35, 45, 80, 150, 450, 1, '活跃用户数据统计'),
       (4, '20240004', 5, 20, 30, 50, 100, 300, 1, '新用户数据统计'),
       (5, '20240005', 12, 45, 60, 120, 200, 600, 1, '普通用户数据统计');
-- 插入user表数据
INSERT INTO `user` (`user_id`, `username`, `password`, `is_admin`, `description`)
VALUES (6, 'user_test6', '$2a$10$bj5EwABmL6YdCzW0Alnfyu7bds1/CHRxmWQxXIIvlmROj970gbHY.', 0, '普通用户'),
       (7, 'user_test7', '$2a$10$bj5EwABmL6YdCzW0Alnfyu7bds1/CHRxmWQxXIIvlmROj970gbHY.', 0, '普通用户'),
       (8, 'user_test8', '$2a$10$bj5EwABmL6YdCzW0Alnfyu7bds1/CHRxmWQxXIIvlmROj970gbHY.', 0, '普通用户'),
       (9, 'user_test9', '$2a$10$bj5EwABmL6YdCzW0Alnfyu7bds1/CHRxmWQxXIIvlmROj970gbHY.', 0, '普通用户'),
       (10, 'user_test10', '$2a$10$bj5EwABmL6YdCzW0Alnfyu7bds1/CHRxmWQxXIIvlmROj970gbHY.', 0, '普通用户'),
       (11, 'user_test11', '$2a$10$bj5EwABmL6YdCzW0Alnfyu7bds1/CHRxmWQxXIIvlmROj970gbHY.', 0, '普通用户'),
       (12, 'user_test12', '$2a$10$bj5EwABmL6YdCzW0Alnfyu7bds1/CHRxmWQxXIIvlmROj970gbHY.', 0, '普通用户'),
       (13, 'user_test13', '$2a$10$bj5EwABmL6YdCzW0Alnfyu7bds1/CHRxmWQxXIIvlmROj970gbHY.', 0, '普通用户'),
       (14, 'user_test14', '$2a$10$bj5EwABmL6YdCzW0Alnfyu7bds1/CHRxmWQxXIIvlmROj970gbHY.', 0, '普通用户'),
       (15, 'user_test15', '$2a$10$bj5EwABmL6YdCzW0Alnfyu7bds1/CHRxmWQxXIIvlmROj970gbHY.', 0, '普通用户'),
       (16, 'user_test16', '$2a$10$bj5EwABmL6YdCzW0Alnfyu7bds1/CHRxmWQxXIIvlmROj970gbHY.', 0, '普通用户'),
       (17, 'user_test17', '$2a$10$bj5EwABmL6YdCzW0Alnfyu7bds1/CHRxmWQxXIIvlmROj970gbHY.', 0, '普通用户'),
       (18, 'user_test18', '$2a$10$bj5EwABmL6YdCzW0Alnfyu7bds1/CHRxmWQxXIIvlmROj970gbHY.', 0, '普通用户'),
       (19, 'user_test19', '$2a$10$bj5EwABmL6YdCzW0Alnfyu7bds1/CHRxmWQxXIIvlmROj970gbHY.', 0, '普通用户'),
       (20, 'user_test20', '$2a$10$bj5EwABmL6YdCzW0Alnfyu7bds1/CHRxmWQxXIIvlmROj970gbHY.', 0, '普通用户'),
       (21, 'user_test21', '$2a$10$bj5EwABmL6YdCzW0Alnfyu7bds1/CHRxmWQxXIIvlmROj970gbHY.', 0, '普通用户'),
       (22, 'user_test22', '$2a$10$bj5EwABmL6YdCzW0Alnfyu7bds1/CHRxmWQxXIIvlmROj970gbHY.', 0, '普通用户'),
       (23, 'user_test23', '$2a$10$bj5EwABmL6YdCzW0Alnfyu7bds1/CHRxmWQxXIIvlmROj970gbHY.', 0, '普通用户'),
       (24, 'user_test24', '$2a$10$bj5EwABmL6YdCzW0Alnfyu7bds1/CHRxmWQxXIIvlmROj970gbHY.', 0, '普通用户'),
       (25, 'user_test25', '$2a$10$bj5EwABmL6YdCzW0Alnfyu7bds1/CHRxmWQxXIIvlmROj970gbHY.', 0, '普通用户'),
       (26, 'user_test26', '$2a$10$bj5EwABmL6YdCzW0Alnfyu7bds1/CHRxmWQxXIIvlmROj970gbHY.', 0, '普通用户'),
       (27, 'user_test27', '$2a$10$bj5EwABmL6YdCzW0Alnfyu7bds1/CHRxmWQxXIIvlmROj970gbHY.', 0, '普通用户'),
       (28, 'user_test28', '$2a$10$bj5EwABmL6YdCzW0Alnfyu7bds1/CHRxmWQxXIIvlmROj970gbHY.', 0, '普通用户'),
       (29, 'user_test29', '$2a$10$bj5EwABmL6YdCzW0Alnfyu7bds1/CHRxmWQxXIIvlmROj970gbHY.', 0, '普通用户'),
       (30, 'user_test30', '$2a$10$bj5EwABmL6YdCzW0Alnfyu7bds1/CHRxmWQxXIIvlmROj970gbHY.', 0, '普通用户');

-- 插入user_profile表数据
INSERT INTO `user_profile` (`user_id`, `avatar_url`, `bio`, `user_level`, `gender`, `grade`, `birth_date`, `location`,
                            `description`)
VALUES (6, 'https://example.com/avatar6.jpg', '追求卓越', 2, 0, '大二', '2002-06-25', '成都',
        '计算机科学与技术专业的学生'),
       (7, 'https://example.com/avatar7.jpg', '永远向上', 1, 1, '大一', '2003-09-14', '武汉', '软件工程专业新生'),
       (8, 'https://example.com/avatar8.jpg', '保持热爱', 2, 2, '大三', '2001-11-30', '南京', '人工智能专业的学生'),
       (9, 'https://example.com/avatar9.jpg', '努力学习', 1, 0, '大一', '2003-04-18', '西安', '数据科学专业新生'),
       (10, 'https://example.com/avatar10.jpg', '积极向上', 3, 1, '大二', '2002-12-05', '重庆', '网络工程专业的学生'),
       (11, 'https://example.com/avatar11.jpg', '热爱分享', 2, 0, '大三', '2001-08-16', '天津', '信息安全专业的学生'),
       (12, 'https://example.com/avatar12.jpg', '追求进步', 1, 1, '大一', '2003-07-22', '苏州', '物联网工程专业新生'),
       (13, 'https://example.com/avatar13.jpg', '乐观开朗', 2, 2, '大二', '2002-05-09', '厦门', '通信工程专业的学生'),
       (14, 'https://example.com/avatar14.jpg', '积极乐观', 1, 0, '大一', '2003-10-28', '青岛', '电子信息专业新生'),
       (15, 'https://example.com/avatar15.jpg', '勇于尝试', 3, 1, '大三', '2001-12-15', '大连', '自动化专业的学生'),
       (16, 'https://example.com/avatar16.jpg', '不断进取', 2, 2, '大二', '2002-03-31', '郑州', '机器人工程专业的学生'),
       (17, 'https://example.com/avatar17.jpg', '热爱探索', 1, 0, '大一', '2003-06-07', '长沙', '智能科学专业新生'),
       (18, 'https://example.com/avatar18.jpg', '追求梦想', 2, 1, '大三', '2001-09-24', '南昌', '数字媒体专业的学生'),
       (19, 'https://example.com/avatar19.jpg', '积极向前', 1, 2, '大二', '2002-11-11', '合肥', '计算机应用专业的学生'),
       (20, 'https://example.com/avatar20.jpg', '勇往直前', 3, 0, '大一', '2003-02-28', '福州', '软件技术专业新生'),
       (21, 'https://example.com/avatar21.jpg', '学习成长', 2, 1, '大二', '2002-05-16', '泉州', '云计算技术专业的学生'),
       (22, 'https://example.com/avatar22.jpg', '不断前进', 1, 0, '大一', '2003-10-22', '漳州', '大数据技术专业新生'),
       (23, 'https://example.com/avatar23.jpg', '追求梦想', 3, 2, '大三', '2001-08-14', '莆田', '区块链技术专业的学生'),
       (24, 'https://example.com/avatar24.jpg', '热爱生活', 2, 1, '大二', '2002-11-30', '南平', '信息管理专业的学生'),
       (25, 'https://example.com/avatar25.jpg', '积极向上', 1, 0, '大一', '2003-07-25', '龙岩', '电子商务专业新生'),
       (26, 'https://example.com/avatar26.jpg', '勇于尝试', 2, 2, '大三', '2001-12-18', '三明', '数字经济专业的学生'),
       (27, 'https://example.com/avatar27.jpg', '永不言弃', 1, 1, '大二', '2002-09-07', '宁德', '金融科技专业的学生'),
       (28, 'https://example.com/avatar28.jpg', '追求卓越', 3, 0, '大一', '2003-04-11', '潮州', '智能制造专业新生'),
       (29, 'https://example.com/avatar29.jpg', '乐观开朗', 2, 2, '大三', '2001-06-29', '揭阳', '工业互联网专业的学生'),
       (30, 'https://example.com/avatar30.jpg', '积极进取', 1, 1, '大二', '2002-03-15', '梅州', '数字化设计专业的学生');

-- 插入user_stats表数据
INSERT INTO `user_stats` (`user_id`, `student_number`, `article_count`, `comment_count`, `statement_count`,
                          `liked_count`, `coin_count`, `xp`, `quiz_type`, `description`)
VALUES (6, '20240006', 6, 25, 35, 70, 120, 350, 1, '活跃度中等的用户数据'),
       (7, '20240007', 4, 18, 25, 40, 80, 250, 0, '新注册用户的初始数据'),
       (8, '20240008', 10, 40, 55, 100, 180, 500, 1, '较为活跃的用户数据'),
       (9, '20240009', 3, 15, 20, 30, 60, 200, 0, '低活跃度用户数据'),
       (10, '20240010', 15, 50, 70, 150, 250, 700, 1, '高活跃度用户数据'),
       (11, '20240011', 7, 30, 40, 85, 140, 400, 1, '中等活跃用户数据'),
       (12, '20240012', 5, 22, 32, 55, 110, 320, 0, '普通活跃度用户数据'),
       (13, '20240013', 9, 38, 50, 95, 170, 480, 1, '较活跃用户的统计'),
       (14, '20240014', 4, 19, 28, 45, 90, 280, 0, '新手用户的成长数据'),
       (15, '20240015', 11, 42, 58, 110, 190, 550, 1, '资深用户的活动数据'),
       (16, '20240016', 6, 27, 38, 75, 130, 380, 1, '稳定活跃的用户数据'),
       (17, '20240017', 3, 16, 22, 35, 70, 220, 0, '初级用户的基础数据'),
       (18, '20240018', 8, 33, 48, 90, 160, 460, 1, '成长中的用户数据'),
       (19, '20240019', 5, 21, 31, 60, 115, 340, 0, '发展中的用户数据'),
       (20, '20240020', 13, 48, 65, 130, 220, 650, 1, '优秀用户的表现数据'),
       (21, '20240021', 7, 31, 45, 89, 160, 430, 1, '进步中的用户数据'),
       (22, '20240022', 5, 20, 29, 48, 95, 290, 0, '起步阶段的用户数据'),
       (23, '20240023', 11, 44, 58, 112, 195, 550, 1, '活跃用户的综合数据'),
       (24, '20240024', 6, 26, 37, 71, 130, 370, 0, '成长型用户的数据'),
       (25, '20240025', 9, 35, 49, 97, 170, 460, 1, '稳定发展的用户数据'),
       (26, '20240026', 4, 18, 28, 45, 85, 250, 0, '新晋用户的活动数据'),
       (27, '20240027', 8, 33, 46, 93, 165, 440, 1, '持续进步的用户数据'),
       (28, '20240028', 13, 50, 67, 132, 220, 650, 1, '高质量用户的数据统计'),
       (29, '20240029', 5, 22, 32, 61, 115, 330, 0, '潜力用户的成长数据'),
       (30, '20240030', 10, 40, 55, 108, 190, 520, 1, '活跃用户的表现记录');

-- 插入user表数据
INSERT INTO `user` (`user_id`, `username`, `password`, `is_admin`, `description`)
VALUES (31, 'user_test31', '$2a$10$bj5EwABmL6YdCzW0Alnfyu7bds1/CHRxmWQxXIIvlmROj970gbHY.', 0, '普通用户'),
       (32, 'user_test32', '$2a$10$bj5EwABmL6YdCzW0Alnfyu7bds1/CHRxmWQxXIIvlmROj970gbHY.', 0, '普通用户'),
       (33, 'user_test33', '$2a$10$bj5EwABmL6YdCzW0Alnfyu7bds1/CHRxmWQxXIIvlmROj970gbHY.', 0, '普通用户'),
       (34, 'user_test34', '$2a$10$bj5EwABmL6YdCzW0Alnfyu7bds1/CHRxmWQxXIIvlmROj970gbHY.', 0, '普通用户'),
       (35, 'user_test35', '$2a$10$bj5EwABmL6YdCzW0Alnfyu7bds1/CHRxmWQxXIIvlmROj970gbHY.', 0, '普通用户'),
       (36, 'user_test36', '$2a$10$bj5EwABmL6YdCzW0Alnfyu7bds1/CHRxmWQxXIIvlmROj970gbHY.', 0, '普通用户'),
       (37, 'user_test37', '$2a$10$bj5EwABmL6YdCzW0Alnfyu7bds1/CHRxmWQxXIIvlmROj970gbHY.', 0, '普通用户'),
       (38, 'user_test38', '$2a$10$bj5EwABmL6YdCzW0Alnfyu7bds1/CHRxmWQxXIIvlmROj970gbHY.', 0, '普通用户'),
       (39, 'user_test39', '$2a$10$bj5EwABmL6YdCzW0Alnfyu7bds1/CHRxmWQxXIIvlmROj970gbHY.', 0, '普通用户'),
       (40, 'user_test40', '$2a$10$bj5EwABmL6YdCzW0Alnfyu7bds1/CHRxmWQxXIIvlmROj970gbHY.', 0, '普通用户'),
       (41, 'user_test41', '$2a$10$bj5EwABmL6YdCzW0Alnfyu7bds1/CHRxmWQxXIIvlmROj970gbHY.', 0, '普通用户'),
       (42, 'user_test42', '$2a$10$bj5EwABmL6YdCzW0Alnfyu7bds1/CHRxmWQxXIIvlmROj970gbHY.', 0, '普通用户'),
       (43, 'user_test43', '$2a$10$bj5EwABmL6YdCzW0Alnfyu7bds1/CHRxmWQxXIIvlmROj970gbHY.', 0, '普通用户'),
       (44, 'user_test44', '$2a$10$bj5EwABmL6YdCzW0Alnfyu7bds1/CHRxmWQxXIIvlmROj970gbHY.', 0, '普通用户'),
       (45, 'user_test45', '$2a$10$bj5EwABmL6YdCzW0Alnfyu7bds1/CHRxmWQxXIIvlmROj970gbHY.', 0, '普通用户'),
       (46, 'user_test46', '$2a$10$bj5EwABmL6YdCzW0Alnfyu7bds1/CHRxmWQxXIIvlmROj970gbHY.', 0, '普通用户'),
       (47, 'user_test47', '$2a$10$bj5EwABmL6YdCzW0Alnfyu7bds1/CHRxmWQxXIIvlmROj970gbHY.', 0, '普通用户'),
       (48, 'user_test48', '$2a$10$bj5EwABmL6YdCzW0Alnfyu7bds1/CHRxmWQxXIIvlmROj970gbHY.', 0, '普通用户'),
       (49, 'user_test49', '$2a$10$bj5EwABmL6YdCzW0Alnfyu7bds1/CHRxmWQxXIIvlmROj970gbHY.', 0, '普通用户'),
       (50, 'user_test50', '$2a$10$bj5EwABmL6YdCzW0Alnfyu7bds1/CHRxmWQxXIIvlmROj970gbHY.', 0, '普通用户'),
       (51, 'user_test51', '$2a$10$bj5EwABmL6YdCzW0Alnfyu7bds1/CHRxmWQxXIIvlmROj970gbHY.', 0, '普通用户'),
       (52, 'user_test52', '$2a$10$bj5EwABmL6YdCzW0Alnfyu7bds1/CHRxmWQxXIIvlmROj970gbHY.', 0, '普通用户'),
       (53, 'user_test53', '$2a$10$bj5EwABmL6YdCzW0Alnfyu7bds1/CHRxmWQxXIIvlmROj970gbHY.', 0, '普通用户'),
       (54, 'user_test54', '$2a$10$bj5EwABmL6YdCzW0Alnfyu7bds1/CHRxmWQxXIIvlmROj970gbHY.', 0, '普通用户'),
       (55, 'user_test55', '$2a$10$bj5EwABmL6YdCzW0Alnfyu7bds1/CHRxmWQxXIIvlmROj970gbHY.', 0, '普通用户'),
       (56, 'user_test56', '$2a$10$bj5EwABmL6YdCzW0Alnfyu7bds1/CHRxmWQxXIIvlmROj970gbHY.', 0, '普通用户'),
       (57, 'user_test57', '$2a$10$bj5EwABmL6YdCzW0Alnfyu7bds1/CHRxmWQxXIIvlmROj970gbHY.', 0, '普通用户'),
       (58, 'user_test58', '$2a$10$bj5EwABmL6YdCzW0Alnfyu7bds1/CHRxmWQxXIIvlmROj970gbHY.', 0, '普通用户'),
       (59, 'user_test59', '$2a$10$bj5EwABmL6YdCzW0Alnfyu7bds1/CHRxmWQxXIIvlmROj970gbHY.', 0, '普通用户'),
       (60, 'user_test60', '$2a$10$bj5EwABmL6YdCzW0Alnfyu7bds1/CHRxmWQxXIIvlmROj970gbHY.', 0, '普通用户');

-- 插入user_profile表数据
INSERT INTO `user_profile` (`user_id`, `avatar_url`, `bio`, `user_level`, `gender`, `grade`, `birth_date`, `location`,
                            `description`)
VALUES (31, 'https://example.com/avatar31.jpg', '追求真理', 2, 1, '大二', '2002-07-11', '济南',
        '人工智能算法专业的学生'),
       (32, 'https://example.com/avatar32.jpg', '热爱探索', 1, 0, '大一', '2003-11-26', '太原', '深度学习专业新生'),
       (33, 'https://example.com/avatar33.jpg', '积极乐观', 3, 2, '大三', '2001-09-03', '昆明', '计算机视觉专业的学生'),
       (34, 'https://example.com/avatar34.jpg', '勇于尝试', 2, 1, '大二', '2002-12-19', '贵阳',
        '自然语言处理专业的学生'),
       (35, 'https://example.com/avatar35.jpg', '永不止步', 1, 0, '大一', '2003-05-07', '南宁', '机器学习专业新生'),
       (36, 'https://example.com/avatar36.jpg', '追求卓越', 2, 2, '大三', '2001-08-24', '海口', '数据挖掘专业的学生'),
       (37, 'https://example.com/avatar37.jpg', '乐观向上', 1, 1, '大二', '2002-04-13', '石家庄', '智能系统专业的学生'),
       (38, 'https://example.com/avatar38.jpg', '积极进取', 3, 0, '大一', '2003-10-29', '长春', '图像处理专业新生'),
       (39, 'https://example.com/avatar39.jpg', '热爱生活', 2, 2, '大三', '2001-06-15', '哈尔滨', '模式识别专业的学生'),
       (40, 'https://example.com/avatar40.jpg', '追求梦想', 1, 1, '大二', '2002-09-02', '温州', '智能控制专业的学生'),
       (41, 'https://example.com/avatar41.jpg', '勇于创新', 2, 0, '大一', '2003-01-18', '绍兴', '嵌入式系统专业新生'),
       (42, 'https://example.com/avatar42.jpg', '永不放弃', 1, 2, '大三', '2001-11-07', '嘉兴', '智能机器人专业的学生'),
       (43, 'https://example.com/avatar43.jpg', '追求进步', 3, 1, '大二', '2002-08-25', '金华', '智能传感专业的学生'),
       (44, 'https://example.com/avatar44.jpg', '乐观开朗', 2, 0, '大一', '2003-03-14', '台州', '智能网络专业新生'),
       (45, 'https://example.com/avatar45.jpg', '积极向上', 1, 2, '大三', '2001-07-30', '珠海', '智能计算专业的学生'),
       (46, 'https://example.com/avatar46.jpg', '热爱学习', 2, 1, '大二', '2002-10-16', '佛山', '智能制造专业的学生'),
       (47, 'https://example.com/avatar47.jpg', '追求真理', 1, 0, '大一', '2003-04-02', '东莞', '智能控制专业新生'),
       (48, 'https://example.com/avatar48.jpg', '不断超越', 3, 2, '大三', '2001-12-21', '中山', '智能装备专业的学生'),
       (49, 'https://example.com/avatar49.jpg', '勇往直前', 2, 1, '大二', '2002-05-28', '惠州', '智能系统专业的学生'),
       (50, 'https://example.com/avatar50.jpg', '永不言弃', 1, 0, '大一', '2003-08-09', '汕头', '智能科技专业新生'),
       (51, 'https://example.com/avatar51.jpg', '学习成长', 2, 1, '大二', '2002-05-16', '湛江', '智能运维专业的学生'),
       (52, 'https://example.com/avatar52.jpg', '不断前进', 1, 0, '大一', '2003-10-22', '江门', '智能安防专业新生'),
       (53, 'https://example.com/avatar53.jpg', '追求梦想', 3, 2, '大三', '2001-08-14', '肇庆', '智能建筑专业的学生'),
       (54, 'https://example.com/avatar54.jpg', '热爱生活', 2, 1, '大二', '2002-11-30', '茂名', '智能交通专业的学生'),
       (55, 'https://example.com/avatar55.jpg', '积极向上', 1, 0, '大一', '2003-07-25', '韶关', '智能医疗专业新生'),
       (56, 'https://example.com/avatar56.jpg', '勇于尝试', 2, 2, '大三', '2001-12-18', '清远', '智能农业专业的学生'),
       (57, 'https://example.com/avatar57.jpg', '永不言弃', 1, 1, '大二', '2002-09-07', '阳江', '智能环保专业的学生'),
       (58, 'https://example.com/avatar58.jpg', '追求卓越', 3, 0, '大一', '2003-04-11', '河源', '智能家居专业新生'),
       (59, 'https://example.com/avatar59.jpg', '乐观开朗', 2, 2, '大三', '2001-06-29', '云浮', '智能物流专业的学生'),
       (60, 'https://example.com/avatar60.jpg', '积极进取', 1, 1, '大二', '2002-03-15', '揭阳', '智能能源专业的学生');

-- 插入user_stats表数据
INSERT INTO `user_stats` (`user_id`, `student_number`, `article_count`, `comment_count`, `statement_count`,
                          `liked_count`, `coin_count`, `xp`, `quiz_type`, `description`)
VALUES (31, '20240031', 6, 26, 36, 72, 135, 390, 0, '中等活跃度的AI学习者'),
       (32, '20240032', 8, 34, 49, 96, 170, 460, 1, '深度学习初学者数据'),
       (33, '20240033', 14, 52, 68, 135, 225, 680, 1, '计算机视觉研究者数据'),
       (34, '20240034', 5, 21, 30, 58, 110, 320, 0, 'NLP学习者活动记录'),
       (35, '20240035', 7, 29, 43, 86, 150, 410, 1, '机器学习爱好者数据'),
       (36, '20240036', 9, 38, 53, 102, 180, 490, 1, '数据挖掘学习者统计'),
       (37, '20240037', 4, 18, 27, 44, 90, 270, 0, '智能系统研究新手'),
       (38, '20240038', 13, 49, 65, 128, 210, 640, 1, '图像处理学习成果'),
       (39, '20240039', 6, 25, 35, 68, 130, 370, 0, '模式识别学习记录'),
       (40, '20240040', 10, 42, 57, 108, 190, 530, 1, '智能控制研究数据'),
       (41, '20240041', 8, 33, 48, 94, 165, 450, 1, '嵌入式系统学习者'),
       (42, '20240042', 5, 22, 31, 60, 115, 340, 0, '机器人技术爱好者'),
       (43, '20240043', 12, 47, 64, 122, 205, 600, 1, '智能传感研究数据'),
       (44, '20240044', 7, 30, 44, 84, 145, 400, 0, '网络技术学习记录'),
       (45, '20240045', 9, 39, 54, 106, 185, 510, 1, '智能计算研究者数据'),
       (46, '20240046', 4, 19, 28, 46, 95, 280, 0, '制造技术学习统计'),
       (47, '20240047', 11, 44, 60, 118, 200, 560, 1, '控制理论研究数据'),
       (48, '20240048', 15, 55, 72, 142, 235, 720, 1, '智能装备专家数据'),
       (49, '20240049', 6, 27, 37, 74, 140, 380, 0, '系统集成学习记录'),
       (50, '20240050', 8, 35, 50, 98, 175, 470, 1, '科技创新者数据'),
       (51, '20240051', 7, 31, 45, 89, 160, 430, 1, '运维技术学习者'),
       (52, '20240052', 5, 20, 29, 48, 95, 290, 0, '安防技术初学者'),
       (53, '20240053', 11, 44, 58, 112, 195, 550, 1, '建筑智能化研究'),
       (54, '20240054', 6, 26, 37, 71, 130, 370, 0, '交通系统学习者'),
       (55, '20240055', 9, 35, 49, 97, 170, 460, 1, '医疗智能化爱好者'),
       (56, '20240056', 4, 18, 28, 45, 85, 250, 0, '农业科技学习者'),
       (57, '20240057', 8, 33, 46, 93, 165, 440, 1, '环保技术研究者'),
       (58, '20240058', 13, 50, 67, 132, 220, 650, 1, '家居智能化专家'),
       (59, '20240059', 5, 22, 32, 61, 115, 330, 0, '物流系统学习者'),
       (60, '20240060', 10, 40, 55, 108, 190, 520, 1, '能源科技研究者');
-- 插入user表数据
INSERT INTO `user` (`user_id`, `username`, `password`, `is_admin`, `description`)
VALUES (61, 'user_test61', '$2a$10$bj5EwABmL6YdCzW0Alnfyu7bds1/CHRxmWQxXIIvlmROj970gbHY.', 0, '普通用户'),
       (62, 'user_test62', '$2a$10$bj5EwABmL6YdCzW0Alnfyu7bds1/CHRxmWQxXIIvlmROj970gbHY.', 0, '普通用户'),
       (63, 'user_test63', '$2a$10$bj5EwABmL6YdCzW0Alnfyu7bds1/CHRxmWQxXIIvlmROj970gbHY.', 0, '普通用户'),
       (64, 'user_test64', '$2a$10$bj5EwABmL6YdCzW0Alnfyu7bds1/CHRxmWQxXIIvlmROj970gbHY.', 0, '普通用户'),
       (65, 'user_test65', '$2a$10$bj5EwABmL6YdCzW0Alnfyu7bds1/CHRxmWQxXIIvlmROj970gbHY.', 0, '普通用户'),
       (66, 'user_test66', '$2a$10$bj5EwABmL6YdCzW0Alnfyu7bds1/CHRxmWQxXIIvlmROj970gbHY.', 0, '普通用户'),
       (67, 'user_test67', '$2a$10$bj5EwABmL6YdCzW0Alnfyu7bds1/CHRxmWQxXIIvlmROj970gbHY.', 0, '普通用户'),
       (68, 'user_test68', '$2a$10$bj5EwABmL6YdCzW0Alnfyu7bds1/CHRxmWQxXIIvlmROj970gbHY.', 0, '普通用户'),
       (69, 'user_test69', '$2a$10$bj5EwABmL6YdCzW0Alnfyu7bds1/CHRxmWQxXIIvlmROj970gbHY.', 0, '普通用户'),
       (70, 'user_test70', '$2a$10$bj5EwABmL6YdCzW0Alnfyu7bds1/CHRxmWQxXIIvlmROj970gbHY.', 0, '普通用户'),
       (71, 'user_test71', '$2a$10$bj5EwABmL6YdCzW0Alnfyu7bds1/CHRxmWQxXIIvlmROj970gbHY.', 0, '普通用户'),
       (72, 'user_test72', '$2a$10$bj5EwABmL6YdCzW0Alnfyu7bds1/CHRxmWQxXIIvlmROj970gbHY.', 0, '普通用户'),
       (73, 'user_test73', '$2a$10$bj5EwABmL6YdCzW0Alnfyu7bds1/CHRxmWQxXIIvlmROj970gbHY.', 0, '普通用户'),
       (74, 'user_test74', '$2a$10$bj5EwABmL6YdCzW0Alnfyu7bds1/CHRxmWQxXIIvlmROj970gbHY.', 0, '普通用户'),
       (75, 'user_test75', '$2a$10$bj5EwABmL6YdCzW0Alnfyu7bds1/CHRxmWQxXIIvlmROj970gbHY.', 0, '普通用户'),
       (76, 'user_test76', '$2a$10$bj5EwABmL6YdCzW0Alnfyu7bds1/CHRxmWQxXIIvlmROj970gbHY.', 0, '普通用户'),
       (77, 'user_test77', '$2a$10$bj5EwABmL6YdCzW0Alnfyu7bds1/CHRxmWQxXIIvlmROj970gbHY.', 0, '普通用户'),
       (78, 'user_test78', '$2a$10$bj5EwABmL6YdCzW0Alnfyu7bds1/CHRxmWQxXIIvlmROj970gbHY.', 0, '普通用户'),
       (79, 'user_test79', '$2a$10$bj5EwABmL6YdCzW0Alnfyu7bds1/CHRxmWQxXIIvlmROj970gbHY.', 0, '普通用户'),
       (80, 'user_test80', '$2a$10$bj5EwABmL6YdCzW0Alnfyu7bds1/CHRxmWQxXIIvlmROj970gbHY.', 0, '普通用户'),
       (81, 'user_test81', '$2a$10$bj5EwABmL6YdCzW0Alnfyu7bds1/CHRxmWQxXIIvlmROj970gbHY.', 0, '普通用户'),
       (82, 'user_test82', '$2a$10$bj5EwABmL6YdCzW0Alnfyu7bds1/CHRxmWQxXIIvlmROj970gbHY.', 0, '普通用户'),
       (83, 'user_test83', '$2a$10$bj5EwABmL6YdCzW0Alnfyu7bds1/CHRxmWQxXIIvlmROj970gbHY.', 0, '普通用户'),
       (84, 'user_test84', '$2a$10$bj5EwABmL6YdCzW0Alnfyu7bds1/CHRxmWQxXIIvlmROj970gbHY.', 0, '普通用户'),
       (85, 'user_test85', '$2a$10$bj5EwABmL6YdCzW0Alnfyu7bds1/CHRxmWQxXIIvlmROj970gbHY.', 0, '普通用户'),
       (86, 'user_test86', '$2a$10$bj5EwABmL6YdCzW0Alnfyu7bds1/CHRxmWQxXIIvlmROj970gbHY.', 0, '普通用户'),
       (87, 'user_test87', '$2a$10$bj5EwABmL6YdCzW0Alnfyu7bds1/CHRxmWQxXIIvlmROj970gbHY.', 0, '普通用户'),
       (88, 'user_test88', '$2a$10$bj5EwABmL6YdCzW0Alnfyu7bds1/CHRxmWQxXIIvlmROj970gbHY.', 0, '普通用户'),
       (89, 'user_test89', '$2a$10$bj5EwABmL6YdCzW0Alnfyu7bds1/CHRxmWQxXIIvlmROj970gbHY.', 0, '普通用户'),
       (90, 'user_test90', '$2a$10$bj5EwABmL6YdCzW0Alnfyu7bds1/CHRxmWQxXIIvlmROj970gbHY.', 0, '普通用户');

-- 插入user_profile表数据
INSERT INTO `user_profile` (`user_id`, `avatar_url`, `bio`, `user_level`, `gender`, `grade`, `birth_date`, `location`,
                            `description`)
VALUES (61, 'https://example.com/avatar61.jpg', '创新思维', 2, 1, '大二', '2002-06-15', '沈阳', '区块链技术专业的学生'),
       (62, 'https://example.com/avatar62.jpg', '技术探索', 1, 0, '大一', '2003-09-28', '大连', '密码学专业新生'),
       (63, 'https://example.com/avatar63.jpg', '持续学习', 3, 2, '大三', '2001-11-03', '青岛', '网络安全专业的学生'),
       (64, 'https://example.com/avatar64.jpg', '追求创新', 2, 1, '大二', '2002-04-21', '南通', '信息安全专业的学生'),
       (65, 'https://example.com/avatar65.jpg', '专注研究', 1, 0, '大一', '2003-07-14', '徐州', '数据安全专业新生'),
       (66, 'https://example.com/avatar66.jpg', '勤奋好学', 2, 2, '大三', '2001-10-09', '常州', '系统安全专业的学生'),
       (67, 'https://example.com/avatar67.jpg', '探索未知', 1, 1, '大二', '2002-03-26', '扬州', '云计算安全专业的学生'),
       (68, 'https://example.com/avatar68.jpg', '追求卓越', 3, 0, '大一', '2003-08-11', '泰州', '物联网安全专业新生'),
       (69, 'https://example.com/avatar69.jpg', '不断进步', 2, 2, '大三', '2001-12-30', '镇江',
        '工业互联网安全专业的学生'),
       (70, 'https://example.com/avatar70.jpg', '热爱技术', 1, 1, '大二', '2002-05-17', '盐城', '智能安防专业的学生'),
       (71, 'https://example.com/avatar71.jpg', '创新精神', 2, 0, '大一', '2003-10-02', '连云港',
        '网络空间安全专业新生'),
       (72, 'https://example.com/avatar72.jpg', '学习成长', 1, 2, '大三', '2001-07-25', '淮安', '密码工程专业的学生'),
       (73, 'https://example.com/avatar73.jpg', '技术追求', 3, 1, '大二', '2002-11-18', '宿迁', '安全管理专业的学生'),
       (74, 'https://example.com/avatar74.jpg', '专业发展', 2, 0, '大一', '2003-02-09', '芜湖', '网络工程专业新生'),
       (75, 'https://example.com/avatar75.jpg', '持续探索', 1, 2, '大三', '2001-09-14', '蚌埠', '信息工程专业的学生'),
       (76, 'https://example.com/avatar76.jpg', '追求进步', 2, 1, '大二', '2002-08-03', '淮南', '通信工程专业的学生'),
       (77, 'https://example.com/avatar77.jpg', '技术创新', 1, 0, '大一', '2003-01-22', '安庆', '电子信息专业新生'),
       (78, 'https://example.com/avatar78.jpg', '学习精进', 3, 2, '大三', '2001-06-11', '阜阳', '集成电路专业的学生'),
       (79, 'https://example.com/avatar79.jpg', '专注发展', 2, 1, '大二', '2002-10-28', '黄山', '微电子专业的学生'),
       (80, 'https://example.com/avatar80.jpg', '不断提升', 1, 0, '大一', '2003-03-15', '六安', '光电信息专业新生'),
       (81, 'https://example.com/avatar81.jpg', '技术钻研', 2, 2, '大三', '2001-08-07', '滁州', '智能电子专业的学生'),
       (82, 'https://example.com/avatar82.jpg', '创新思考', 1, 1, '大二', '2002-12-24', '宣城', '电子科学专业的学生'),
       (83, 'https://example.com/avatar83.jpg', '学习探索', 3, 0, '大一', '2003-05-19', '池州', '应用电子专业新生'),
       (84, 'https://example.com/avatar84.jpg', '专业追求', 2, 2, '大三', '2001-10-12', '铜陵', '电子材料专业的学生'),
       (85, 'https://example.com/avatar85.jpg', '持续前进', 1, 1, '大二', '2002-07-29', '宿州', '电子设备专业的学生'),
       (86, 'https://example.com/avatar86.jpg', '技术提升', 2, 0, '大一', '2003-11-08', '亳州', '电子工艺专业新生'),
       (87, 'https://example.com/avatar87.jpg', '创新发展', 1, 2, '大三', '2001-04-03', '福州', '电子测试专业的学生'),
       (88, 'https://example.com/avatar88.jpg', '学习进步', 3, 1, '大二', '2002-09-20', '厦门', '电子制造专业的学生'),
       (89, 'https://example.com/avatar89.jpg', '专注学习', 2, 0, '大一', '2003-12-17', '泉州', '电子系统专业新生'),
       (90, 'https://example.com/avatar90.jpg', '技术精进', 1, 2, '大三', '2001-05-26', '漳州', '电子技术专业的学生');

-- 插入user_stats表数据
INSERT INTO `user_stats` (`user_id`, `student_number`, `article_count`, `comment_count`, `statement_count`,
                          `liked_count`, `coin_count`, `xp`, `quiz_type`, `description`)
VALUES (61, '20240061', 7, 29, 41, 83, 145, 400, 0, '区块链技术研究者'),
       (62, '20240062', 6, 25, 35, 69, 125, 350, 1, '密码学初学者数据'),
       (63, '20240063', 12, 47, 64, 125, 210, 600, 1, '网络安全专家数据'),
       (64, '20240064', 4, 19, 27, 43, 80, 240, 0, '信息安全学习者'),
       (65, '20240065', 8, 34, 48, 95, 170, 470, 1, '数据安全研究者'),
       (66, '20240066', 9, 37, 51, 101, 180, 500, 1, '系统安全工程师'),
       (67, '20240067', 5, 21, 31, 59, 110, 320, 0, '云安全学习者'),
       (68, '20240068', 14, 53, 70, 138, 230, 680, 1, '物联网安全专家'),
       (69, '20240069', 6, 27, 38, 75, 135, 380, 0, '工业安全研究者'),
       (70, '20240070', 11, 43, 59, 115, 200, 560, 1, '安防技术专家'),
       (71, '20240071', 7, 32, 44, 87, 155, 420, 1, '网络空间安全学者'),
       (72, '20240072', 5, 23, 33, 64, 120, 340, 0, '密码工程学习者'),
       (73, '20240073', 13, 49, 66, 129, 215, 620, 1, '安全管理专家'),
       (74, '20240074', 6, 28, 39, 77, 140, 390, 0, '网络工程学习者'),
       (75, '20240075', 10, 41, 56, 110, 195, 540, 1, '信息工程研究者'),
       (76, '20240076', 4, 17, 25, 41, 75, 220, 0, '通信技术学习者'),
       (77, '20240077', 8, 36, 50, 99, 175, 480, 1, '电子信息研究者'),
       (78, '20240078', 15, 56, 74, 145, 240, 700, 1, '集成电路专家'),
       (79, '20240079', 5, 24, 34, 67, 125, 360, 0, '微电子学习者'),
       (80, '20240080', 9, 38, 52, 103, 185, 510, 1, '光电信息研究者'),
       (81, '20240081', 7, 31, 43, 85, 150, 430, 1, '智能电子工程师'),
       (82, '20240082', 6, 26, 36, 71, 130, 370, 0, '电子科学学习者'),
       (83, '20240083', 11, 45, 61, 119, 205, 580, 1, '应用电子专家'),
       (84, '20240084', 5, 22, 32, 63, 120, 350, 0, '电子材料研究者'),
       (85, '20240085', 8, 35, 49, 97, 170, 460, 1, '电子设备工程师'),
       (86, '20240086', 4, 18, 26, 42, 80, 240, 0, '电子工艺学习者'),
       (87, '20240087', 10, 40, 55, 107, 190, 520, 1, '电子测试专家'),
       (88, '20240088', 13, 50, 68, 133, 220, 640, 1, '电子制造工程师'),
       (89, '20240089', 5, 23, 33, 65, 125, 360, 0, '电子系统学习者'),
       (90, '20240090', 9, 37, 51, 100, 180, 490, 1, '电子技术专家');
-- 插入user表数据
INSERT INTO `user` (`user_id`, `username`, `password`, `is_admin`, `description`)
VALUES (91, 'user_test91', '$2a$10$bj5EwABmL6YdCzW0Alnfyu7bds1/CHRxmWQxXIIvlmROj970gbHY.', 0, '普通用户'),
       (92, 'user_test92', '$2a$10$bj5EwABmL6YdCzW0Alnfyu7bds1/CHRxmWQxXIIvlmROj970gbHY.', 0, '普通用户'),
       (93, 'user_test93', '$2a$10$bj5EwABmL6YdCzW0Alnfyu7bds1/CHRxmWQxXIIvlmROj970gbHY.', 0, '普通用户'),
       (94, 'user_test94', '$2a$10$bj5EwABmL6YdCzW0Alnfyu7bds1/CHRxmWQxXIIvlmROj970gbHY.', 0, '普通用户'),
       (95, 'user_test95', '$2a$10$bj5EwABmL6YdCzW0Alnfyu7bds1/CHRxmWQxXIIvlmROj970gbHY.', 0, '普通用户'),
       (96, 'user_test96', '$2a$10$bj5EwABmL6YdCzW0Alnfyu7bds1/CHRxmWQxXIIvlmROj970gbHY.', 0, '普通用户'),
       (97, 'user_test97', '$2a$10$bj5EwABmL6YdCzW0Alnfyu7bds1/CHRxmWQxXIIvlmROj970gbHY.', 0, '普通用户'),
       (98, 'user_test98', '$2a$10$bj5EwABmL6YdCzW0Alnfyu7bds1/CHRxmWQxXIIvlmROj970gbHY.', 0, '普通用户'),
       (99, 'user_test99', '$2a$10$bj5EwABmL6YdCzW0Alnfyu7bds1/CHRxmWQxXIIvlmROj970gbHY.', 0, '普通用户'),
       (100, 'user_test100', '$2a$10$bj5EwABmL6YdCzW0Alnfyu7bds1/CHRxmWQxXIIvlmROj970gbHY.', 0, '普通用户');

-- 插入user_profile表数据
INSERT INTO `user_profile` (`user_id`, `avatar_url`, `bio`, `user_level`, `gender`, `grade`, `birth_date`, `location`,
                            `description`)
VALUES (91, 'https://example.com/avatar91.jpg', '技术创新', 2, 1, '大二', '2002-08-14', '莆田', '量子计算专业的学生'),
       (92, 'https://example.com/avatar92.jpg', '探索未来', 1, 0, '大一', '2003-11-29', '三明', '生物信息专业新生'),
       (93, 'https://example.com/avatar93.jpg', '科技梦想', 3, 2, '大三', '2001-07-08', '南平', '脑机接口专业的学生'),
       (94, 'https://example.com/avatar94.jpg', '创新思维', 2, 1, '大二', '2002-10-25', '龙岩', '智能仿生专业的学生'),
       (95, 'https://example.com/avatar95.jpg', '未来科技', 1, 0, '大一', '2003-04-16', '宁德', '纳米技术专业新生'),
       (96, 'https://example.com/avatar96.jpg', '科技探索', 2, 2, '大三', '2001-12-03', '衢州', '新材料科技专业的学生'),
       (97, 'https://example.com/avatar97.jpg', '创新精神', 1, 1, '大二', '2002-05-22', '丽水', '智能材料专业的学生'),
       (98, 'https://example.com/avatar98.jpg', '技术追求', 3, 0, '大一', '2003-09-11', '舟山', '环境科技专业新生'),
       (99, 'https://example.com/avatar99.jpg', '科学探索', 2, 2, '大三', '2001-06-30', '台州', '能源科技专业的学生'),
       (100, 'https://example.com/avatar100.jpg', '创新发展', 1, 1, '大二', '2002-03-19', '金华', '智慧城市专业的学生');

-- 插入user_stats表数据
INSERT INTO `user_stats` (`user_id`, `student_number`, `article_count`, `comment_count`, `statement_count`,
                          `liked_count`, `coin_count`, `xp`, `quiz_type`, `description`)
VALUES (91, '20240091', 8, 34, 47, 92, 165, 450, 1, '量子计算研究者'),
       (92, '20240092', 5, 21, 30, 58, 110, 320, 0, '生物信息学习者'),
       (93, '20240093', 12, 46, 63, 123, 205, 580, 1, '脑机接口专家'),
       (94, '20240094', 6, 25, 36, 70, 130, 360, 0, '智能仿生研究者'),
       (95, '20240095', 9, 38, 52, 102, 180, 490, 1, '纳米技术学习者'),
       (96, '20240096', 7, 30, 42, 82, 145, 410, 0, '新材料研究者'),
       (97, '20240097', 10, 41, 56, 110, 190, 520, 1, '智能材料专家'),
       (98, '20240098', 14, 52, 70, 138, 230, 670, 1, '环境科技研究者'),
       (99, '20240099', 6, 26, 37, 72, 135, 380, 0, '能源科技学习者'),
       (100, '20240100', 11, 43, 59, 115, 200, 540, 1, '智慧城市专家');